
{
    "appName": "Hope UI",
    "output" : "dist",
    "mini": "false",
    "layout" : "layouts/dashboard/default",
    "assets": {
        "fonts": [
            "./src/assets/fonts/**/*.*"
        ],
        "style": [
            "./node_modules/nouislider/distribute/nouislider.css",
            "./node_modules/apexcharts/dist/apexcharts.css",
            "./node_modules/swiper/swiper-bundle.min.css",
            "./node_modules/datatables.net-bs5/css/dataTables.bootstrap5.min.css",
            "./src/assets/vendor/Leaflet/leaflet.css"
        ],
        "js": {
            "core": [
                "./node_modules/jquery/dist/jquery.js",
                "./node_modules/waypoints/lib/noframework.waypoints.min.js",
                "./node_modules/datatables.net/js/jquery.dataTables.min.js",
                "./node_modules/@popperjs/core/dist/umd/popper.min.js",
                "./node_modules/bootstrap/dist/js/bootstrap.min.js",
                "./node_modules/datatables.net-bs5/js/dataTables.bootstrap5.min.js",
                "./{directory}/assets/vendor/lodash/lodash.min.js",
                "./node_modules/swiper/swiper-bundle.min.js"
            ],
            "external": [
                "./node_modules/nouislider/distribute/nouislider.min.js",
                "./node_modules/smooth-scrollbar/dist/smooth-scrollbar.js",
                "./{directory}/assets/js/plugins/circle-progress.js",
                "./node_modules/apexcharts/dist/apexcharts.min.js",
                "./node_modules/counterup2/dist/index.js",
                "./src/assets/vendor/Leaflet/leaflet.js"
            ]
        }
    }
}
